"Name","Id","Class","Score","Speed","Parents"
"Nicole Kidmann","123456","1C","76%","Below Expected","Antony Kidmann,Janelle Kidmann"
"Adam Filler","421136","1C","45%","Below Expected","Antony Filler,Janelle Filler"
"Jane Dalow","671239","1A","99%","Above Expected","Antony Dalow,Janelle Dalow"
"Anna Derek","123890","1B","88%","Below Expected","Antony Derek,Janelle Derek"
"John Lewron","123456","1A","90%","Above Expected","Antony Lewron,Janelle Lewron"
"Nicole Kidmann","123456","1C","76%","Below Expected","Antony Kidmann,Janelle Kidmann"
"Nicole Kidmann","123456","1C","76%","Below Expected","Antony Kidmann,Janelle Kidmann"
"Nicole Kidmann","123456","1C","76%","Below Expected","Antony Kidmann,Janelle Kidmann"
"Nicole Kidmann","123456","1C","76%","Below Expected","Antony Kidmann,Janelle Kidmann"
"Nicole Kidmann","123456","1C","76%","Below Expected","Antony Kidmann,Janelle Kidmann"